{
  "train_losses": [
    1.6180696909626324,
    0.14472476434376505,
    0.12080721722708808,
    0.10740530677139759,
    0.10016737754146258
  ],
  "val_losses": [
    0.3322353442781605,
    0.35755719942972064,
    0.14795421669259667,
    0.09904528991319239,
    0.07502169924555346
  ],
  "val_maes": [
    